"","Variable","TestDataAverage","TrainDataAverage"
"1","tBodyAcc-mean()-X",0.273995840740414,0.27448812496352
"2","tBodyAcc-mean()-Y",-0.0178634002668453,-0.0176954273577941
"3","tBodyAcc-mean()-Z",-0.108386200206006,-0.10914102015124
"4","tBodyAcc-std()-X",-0.613634902884459,-0.605438451136836
"5","tBodyAcc-std()-Y",-0.508329846887119,-0.510937560960832
"6","tBodyAcc-std()-Z",-0.633797111077676,-0.604753690501853
"7","tBodyAcc-mad()-X",-0.641277619486155,-0.630512126647159
"8","tBodyAcc-mad()-Y",-0.52267567671643,-0.526907431433227
"9","tBodyAcc-mad()-Z",-0.637038485293099,-0.606150484997695
"10","tBodyAcc-max()-X",-0.462063111264567,-0.468604011850173
"11","tBodyAcc-max()-Y",-0.303028258056512,-0.306043159313513
"12","tBodyAcc-max()-Z",-0.574975252359437,-0.557120618353656
"13","tBodyAcc-min()-X",0.529678540641469,0.523550736319554
"14","tBodyAcc-min()-Y",0.394902964572559,0.387385510912532
"15","tBodyAcc-min()-Z",0.60712178687852,0.594374303956926
"16","tBodyAcc-sma()",-0.563358920028188,-0.547568888295005
"17","tBodyAcc-energy()-X",-0.838978018330166,-0.820040931092492
"18","tBodyAcc-energy()-Y",-0.904776811917204,-0.901873522711426
"19","tBodyAcc-energy()-Z",-0.876809632951137,-0.845783932253863
"20","tBodyAcc-iqr()-X",-0.701178735948456,-0.68434492158116
"21","tBodyAcc-iqr()-Y",-0.642868482705803,-0.643769625478819
"22","tBodyAcc-iqr()-Z",-0.664678191114564,-0.631068632269322
"23","tBodyAcc-entropy()-X",-0.0936940676737122,-0.10299255895546
"24","tBodyAcc-entropy()-Y",-0.105882956366542,-0.137937286278996
"25","tBodyAcc-entropy()-Z",-0.142689883593354,-0.163945594302924
"26","tBodyAcc-arCoeff()-X,1",-0.124831157675239,-0.116598648106366
"27","tBodyAcc-arCoeff()-X,2",0.123072520684917,0.102761953527314
"28","tBodyAcc-arCoeff()-X,3",-0.030495174996375,-0.0377855024698667
"29","tBodyAcc-arCoeff()-X,4",0.10085308445587,0.130476869721699
"30","tBodyAcc-arCoeff()-Y,1",-0.0382765967011181,-0.0262292137447367
"31","tBodyAcc-arCoeff()-Y,2",0.0452001604503868,0.0263218549804207
"32","tBodyAcc-arCoeff()-Y,3",0.143127775742856,0.159965537832784
"33","tBodyAcc-arCoeff()-Y,4",-0.014339435044357,-0.0195748866481605
"34","tBodyAcc-arCoeff()-Z,1",-0.0021453228795979,0.00941956672418797
"35","tBodyAcc-arCoeff()-Z,2",0.0488022579490876,0.0332905745017126
"36","tBodyAcc-arCoeff()-Z,3",0.029028001385263,0.0365865770597583
"37","tBodyAcc-arCoeff()-Z,4",-0.0927206607087275,-0.0786401454795779
"38","tBodyAcc-correlation()-X,Y",-0.108278892926213,-0.125130584848324
"39","tBodyAcc-correlation()-X,Z",-0.207585210405497,-0.193802320695826
"40","tBodyAcc-correlation()-Y,Z",0.0951980705814486,0.105005085293028
"41","tGravityAcc-mean()-X",0.681960209973532,0.664121888659956
"42","tGravityAcc-mean()-Y",-0.0133426880797622,0.0110060404600615
"43","tGravityAcc-mean()-Z",0.0877366326193237,0.0939202735348508
"44","tGravityAcc-std()-X",-0.966914858384798,-0.964522577547742
"45","tGravityAcc-std()-Y",-0.956214986723108,-0.953683718801428
"46","tGravityAcc-std()-Z",-0.943820796502545,-0.936928889663357
"47","tGravityAcc-mad()-X",-0.967717184794706,-0.965336259395267
"48","tGravityAcc-mad()-Y",-0.957052035299966,-0.954683418221586
"49","tGravityAcc-mad()-Z",-0.945035544163556,-0.93827049801333
"50","tGravityAcc-max()-X",0.621265874336953,0.604164839044899
"51","tGravityAcc-max()-Y",-0.0278827001641792,-0.00328246850277339
"52","tGravityAcc-max()-Z",0.0912013999104971,0.0989591729446272
"53","tGravityAcc-min()-X",0.696877692571089,0.678504727491363
"54","tGravityAcc-min()-Y",4.23754028571434e-05,0.0232480284650987
"55","tGravityAcc-min()-Z",0.0761940447500392,0.0806140235845599
"56","tGravityAcc-sma()",-0.149111539767649,-0.0783346911604162
"57","tGravityAcc-energy()-X",0.46989719006074,0.436710564447606
"58","tGravityAcc-energy()-Y",-0.69924297445436,-0.7303794263239
"59","tGravityAcc-energy()-Z",-0.81077038602002,-0.744705000066458
"60","tGravityAcc-iqr()-X",-0.969918877654225,-0.967566852700898
"61","tGravityAcc-iqr()-Y",-0.959974242519172,-0.958039080442737
"62","tGravityAcc-iqr()-Z",-0.949201597227689,-0.94300194609494
"63","tGravityAcc-entropy()-X",-0.692882931691416,-0.667508083547164
"64","tGravityAcc-entropy()-Y",-0.860641165251524,-0.869134796574415
"65","tGravityAcc-entropy()-Z",-0.630145192831905,-0.684715114592873
"66","tGravityAcc-arCoeff()-X,1",-0.476038977996804,-0.51577063998074
"67","tGravityAcc-arCoeff()-X,2",0.51721397798697,0.553177228556761
"68","tGravityAcc-arCoeff()-X,3",-0.557640325267458,-0.589907536811746
"69","tGravityAcc-arCoeff()-X,4",0.597360399978463,0.626018563514649
"70","tGravityAcc-arCoeff()-Y,1",-0.3393521043496,-0.345328378006251
"71","tGravityAcc-arCoeff()-Y,2",0.328286531496997,0.330943890827331
"72","tGravityAcc-arCoeff()-Y,3",-0.361658625298962,-0.360378757801164
"73","tGravityAcc-arCoeff()-Y,4",0.412672067060801,0.407353580856434
"74","tGravityAcc-arCoeff()-Z,1",-0.420432203285514,-0.43114964781995
"75","tGravityAcc-arCoeff()-Z,2",0.446074077539545,0.456290671495728
"76","tGravityAcc-arCoeff()-Z,3",-0.471114518153192,-0.480829554477573
"77","tGravityAcc-arCoeff()-Z,4",0.492923284079152,0.502121957687598
"78","tGravityAcc-correlation()-X,Y",0.147925191293247,0.186809173900154
"79","tGravityAcc-correlation()-X,Z",-0.115799309419919,-0.105276827345092
"80","tGravityAcc-correlation()-Y,Z",0.0753145228077842,0.0886706094819831
"81","tBodyAccJerk-mean()-X",0.0784697125150543,0.079125880857262
"82","tBodyAccJerk-mean()-Y",0.00643293275476926,0.00855545432909572
"83","tBodyAccJerk-mean()-Z",-0.00462870647020455,-0.00469313372794117
"84","tBodyAccJerk-std()-X",-0.630368264434513,-0.643554061106133
"85","tBodyAccJerk-std()-Y",-0.601275978117245,-0.61065549430083
"86","tBodyAccJerk-std()-Z",-0.768680139539871,-0.760471339113483
"87","tBodyAccJerk-mad()-X",-0.629075287068601,-0.639969008462612
"88","tBodyAccJerk-mad()-Y",-0.59132032701414,-0.59513917948788
"89","tBodyAccJerk-mad()-Z",-0.762115788897489,-0.754265346179818
"90","tBodyAccJerk-max()-X",-0.697886668106186,-0.700322817631569
"91","tBodyAccJerk-max()-Y",-0.740574848755887,-0.750743215513824
"92","tBodyAccJerk-max()-Z",-0.819783432506074,-0.818296977122851
"93","tBodyAccJerk-min()-X",0.597136073879097,0.623609658998928
"94","tBodyAccJerk-min()-Y",0.676611792737598,0.688180470491121
"95","tBodyAccJerk-min()-Z",0.74761935302002,0.736369024484325
"96","tBodyAccJerk-sma()",-0.644975049324398,-0.647799466743191
"97","tBodyAccJerk-energy()-X",-0.850121541484425,-0.850424087898109
"98","tBodyAccJerk-energy()-Y",-0.825422686284289,-0.827988576749864
"99","tBodyAccJerk-energy()-Z",-0.938758190356294,-0.927484221392218
"100","tBodyAccJerk-iqr()-X",-0.624225185013788,-0.628798269107514
"101","tBodyAccJerk-iqr()-Y",-0.665006439875735,-0.657759059074976
"102","tBodyAccJerk-iqr()-Z",-0.775305616859518,-0.769041241729546
"103","tBodyAccJerk-entropy()-X",-0.0406110321492704,-0.0994407129051034
"104","tBodyAccJerk-entropy()-Y",-0.0583126521608415,-0.0997354094367111
"105","tBodyAccJerk-entropy()-Z",-0.111540277055511,-0.133659967603326
"106","tBodyAccJerk-arCoeff()-X,1",-0.113182488622263,-0.106725125792398
"107","tBodyAccJerk-arCoeff()-X,2",0.188677474302819,0.162035615248683
"108","tBodyAccJerk-arCoeff()-X,3",0.0775271044212929,0.0636270060000807
"109","tBodyAccJerk-arCoeff()-X,4",0.140801038844995,0.120722456417867
"110","tBodyAccJerk-arCoeff()-Y,1",-0.0812909336159959,-0.0692813254491771
"111","tBodyAccJerk-arCoeff()-Y,2",0.0794267973484839,0.0643924942522108
"112","tBodyAccJerk-arCoeff()-Y,3",0.178319626971035,0.173007955434668
"113","tBodyAccJerk-arCoeff()-Y,4",0.295103295460865,0.322017026601047
"114","tBodyAccJerk-arCoeff()-Z,1",-0.039369891513228,-0.0300148254321513
"115","tBodyAccJerk-arCoeff()-Z,2",0.101401009377384,0.0835868711095593
"116","tBodyAccJerk-arCoeff()-Z,3",0.00538517289930974,-0.00361364808852285
"117","tBodyAccJerk-arCoeff()-Z,4",0.136012848510723,0.139456541904157
"118","tBodyAccJerk-correlation()-X,Y",-0.121477323631695,-0.1447952979001
"119","tBodyAccJerk-correlation()-X,Z",-0.0108891456586678,0.00860281858823313
"120","tBodyAccJerk-correlation()-Y,Z",0.060401045257794,0.0883003566683912
"121","tBodyGyro-mean()-X",-0.0404591982000808,-0.0271838109741607
"122","tBodyGyro-mean()-Y",-0.0711158768398755,-0.0761639680551519
"123","tBodyGyro-mean()-Z",0.0927712770018086,0.0865879927790158
"124","tBodyGyro-std()-X",-0.721952604411164,-0.720887954557821
"125","tBodyGyro-std()-Y",-0.699552838250048,-0.675879523019533
"126","tBodyGyro-std()-Z",-0.651537332905511,-0.654518805806124
"127","tBodyGyro-mad()-X",-0.726672457324737,-0.726409630436221
"128","tBodyGyro-mad()-Y",-0.709350753321687,-0.688594957813224
"129","tBodyGyro-mad()-Z",-0.667133493630356,-0.667240314204733
"130","tBodyGyro-max()-X",-0.652220352980156,-0.642785563357965
"131","tBodyGyro-max()-Y",-0.749477383129216,-0.733367585712761
"132","tBodyGyro-max()-Z",-0.480238884451422,-0.485771947485626
"133","tBodyGyro-min()-X",0.627183867186291,0.634299859688153
"134","tBodyGyro-min()-Y",0.739657405430607,0.732093777849497
"135","tBodyGyro-min()-Z",0.554554612126335,0.561129002432142
"136","tBodyGyro-sma()",-0.608639901484514,-0.600387213662305
"137","tBodyGyro-energy()-X",-0.905122329854089,-0.90023986870306
"138","tBodyGyro-energy()-Y",-0.902243300212114,-0.877017124016023
"139","tBodyGyro-energy()-Z",-0.877466903847642,-0.871187573842451
"140","tBodyGyro-iqr()-X",-0.728199565043961,-0.729636096123857
"141","tBodyGyro-iqr()-Y",-0.727121589043739,-0.713226724649556
"142","tBodyGyro-iqr()-Z",-0.724224167025932,-0.718642243891921
"143","tBodyGyro-entropy()-X",-0.140184311995521,-0.146813507105764
"144","tBodyGyro-entropy()-Y",-0.0720891139177299,-0.11013528953855
"145","tBodyGyro-entropy()-Z",-0.0321750740144011,-0.075712185098414
"146","tBodyGyro-arCoeff()-X,1",-0.230316672172525,-0.21987365872343
"147","tBodyGyro-arCoeff()-X,2",0.162890377509215,0.141665949460858
"148","tBodyGyro-arCoeff()-X,3",0.102003642523253,0.139116895904714
"149","tBodyGyro-arCoeff()-X,4",-0.0676917037743536,-0.0853621022167293
"150","tBodyGyro-arCoeff()-Y,1",-0.208917530308063,-0.203130124559423
"151","tBodyGyro-arCoeff()-Y,2",0.182536485625866,0.164524328369935
"152","tBodyGyro-arCoeff()-Y,3",-0.0598273567097428,-0.0355002921972369
"153","tBodyGyro-arCoeff()-Y,4",0.150347062322932,0.138231498058802
"154","tBodyGyro-arCoeff()-Z,1",-0.0963930628169223,-0.0805711545223277
"155","tBodyGyro-arCoeff()-Z,2",0.0780975228159304,0.0621736652381186
"156","tBodyGyro-arCoeff()-Z,3",-0.0174083321454734,-0.00412192221085405
"157","tBodyGyro-arCoeff()-Z,4",0.141916243476201,0.148224083639474
"158","tBodyGyro-correlation()-X,Y",-0.159859513484698,-0.173134114604188
"159","tBodyGyro-correlation()-X,Z",0.0476249517782796,0.00100659592859603
"160","tBodyGyro-correlation()-Y,Z",-0.07614167376264,-0.117538501748624
"161","tBodyGyroJerk-mean()-X",-0.0937766454820733,-0.0978848005794927
"162","tBodyGyroJerk-mean()-Y",-0.0419889608326603,-0.0424500444089068
"163","tBodyGyroJerk-mean()-Z",-0.0560912847653105,-0.0543249124529731
"164","tBodyGyroJerk-std()-X",-0.734606660052562,-0.730042534759372
"165","tBodyGyroJerk-std()-Y",-0.791374949012555,-0.783932788663656
"166","tBodyGyroJerk-std()-Z",-0.734454412466135,-0.742128207950899
"167","tBodyGyroJerk-mad()-X",-0.735660879943434,-0.727734606219197
"168","tBodyGyroJerk-mad()-Y",-0.802815078436376,-0.794078635509007
"169","tBodyGyroJerk-mad()-Z",-0.742830253620869,-0.748162918611589
"170","tBodyGyroJerk-max()-X",-0.737957253810791,-0.750996546898436
"171","tBodyGyroJerk-max()-Y",-0.813650312704717,-0.808408375619255
"172","tBodyGyroJerk-max()-Z",-0.731549521753312,-0.747154397263643
"173","tBodyGyroJerk-min()-X",0.763138729760468,0.759570624939902
"174","tBodyGyroJerk-min()-Y",0.829881180507974,0.830433549989581
"175","tBodyGyroJerk-min()-Z",0.796129831705124,0.800745536864323
"176","tBodyGyroJerk-sma()",-0.770629564242009,-0.765284271683342
"177","tBodyGyroJerk-energy()-X",-0.923799481632168,-0.914182506378074
"178","tBodyGyroJerk-energy()-Y",-0.947472476104513,-0.936367486596083
"179","tBodyGyroJerk-energy()-Z",-0.919837731924194,-0.919367252593988
"180","tBodyGyroJerk-iqr()-X",-0.746357816807363,-0.734005606859275
"181","tBodyGyroJerk-iqr()-Y",-0.816418935295894,-0.805695174222225
"182","tBodyGyroJerk-iqr()-Z",-0.76570896045134,-0.76660655729579
"183","tBodyGyroJerk-entropy()-X",0.0155530876453851,-0.0275140835148994
"184","tBodyGyroJerk-entropy()-Y",0.0614184817358331,0.00153307688352693
"185","tBodyGyroJerk-entropy()-Z",0.0198527703293994,-0.0291278231633202
"186","tBodyGyroJerk-arCoeff()-X,1",-0.0766239819654971,-0.0708138606077965
"187","tBodyGyroJerk-arCoeff()-X,2",0.057467404770248,0.0342851124687727
"188","tBodyGyroJerk-arCoeff()-X,3",0.156328260106815,0.161005133527254
"189","tBodyGyroJerk-arCoeff()-X,4",0.142661796188445,0.173577293844027
"190","tBodyGyroJerk-arCoeff()-Y,1",-0.168110795034958,-0.160061127796893
"191","tBodyGyroJerk-arCoeff()-Y,2",0.215657620867143,0.193968811430816
"192","tBodyGyroJerk-arCoeff()-Y,3",0.0795222343462457,0.0851341853349223
"193","tBodyGyroJerk-arCoeff()-Y,4",0.0739770164084398,0.0827634196711156
"194","tBodyGyroJerk-arCoeff()-Z,1",-0.035413887793943,-0.025943914657302
"195","tBodyGyroJerk-arCoeff()-Z,2",0.0598700394446624,0.0493819667431016
"196","tBodyGyroJerk-arCoeff()-Z,3",0.0926706232331944,0.0872521667708492
"197","tBodyGyroJerk-arCoeff()-Z,4",0.0180160251187727,0.0397494067037156
"198","tBodyGyroJerk-correlation()-X,Y",0.0255639723235901,0.0414990119053316
"199","tBodyGyroJerk-correlation()-X,Z",0.0497090776696995,0.049097300806823
"200","tBodyGyroJerk-correlation()-Y,Z",-0.0762854878251001,-0.128592671715548
"201","tBodyAccMag-mean()",-0.559042708835793,-0.543884114663085
"202","tBodyAccMag-std()",-0.597066786740935,-0.588883817159513
"203","tBodyAccMag-mad()",-0.650840574711459,-0.639374185379537
"204","tBodyAccMag-max()",-0.562458826263977,-0.55709889013106
"205","tBodyAccMag-min()",-0.835856787366814,-0.838618284983433
"206","tBodyAccMag-sma()",-0.559042708835793,-0.543884114663085
"207","tBodyAccMag-energy()",-0.794602932844248,-0.770596447949918
"208","tBodyAccMag-iqr()",-0.718070039431625,-0.696384339396409
"209","tBodyAccMag-entropy()",0.15399201535922,0.124323973922695
"210","tBodyAccMag-arCoeff()1",-0.0622009792271792,-0.0724810927167215
"211","tBodyAccMag-arCoeff()2",0.0217412498656424,0.0249642693848383
"212","tBodyAccMag-arCoeff()3",0.0533213333066138,0.060691572018232
"213","tBodyAccMag-arCoeff()4",-0.0559323093109603,-0.0586749029308702
"214","tGravityAccMag-mean()",-0.559042708835793,-0.543884114663085
"215","tGravityAccMag-std()",-0.597066786740935,-0.588883817159513
"216","tGravityAccMag-mad()",-0.650840574711459,-0.639374185379537
"217","tGravityAccMag-max()",-0.562458826263977,-0.55709889013106
"218","tGravityAccMag-min()",-0.835856787366814,-0.838618284983433
"219","tGravityAccMag-sma()",-0.559042708835793,-0.543884114663085
"220","tGravityAccMag-energy()",-0.794602932844248,-0.770596447949918
"221","tGravityAccMag-iqr()",-0.718070039431625,-0.696384339396409
"222","tGravityAccMag-entropy()",0.15399201535922,0.124323973922695
"223","tGravityAccMag-arCoeff()1",-0.0622009792271792,-0.0724810927167215
"224","tGravityAccMag-arCoeff()2",0.0217412498656424,0.0249642693848383
"225","tGravityAccMag-arCoeff()3",0.0533213333066138,0.060691572018232
"226","tGravityAccMag-arCoeff()4",-0.0559323093109603,-0.0586749029308702
"227","tBodyAccJerkMag-mean()",-0.646836999959518,-0.650452507463381
"228","tBodyAccJerkMag-std()",-0.61550707017964,-0.632675631504943
"229","tBodyAccJerkMag-mad()",-0.635782905288561,-0.651417195832324
"230","tBodyAccJerkMag-max()",-0.629031057028517,-0.642578196599804
"231","tBodyAccJerkMag-min()",-0.792337856197794,-0.785688883540846
"232","tBodyAccJerkMag-sma()",-0.646836999959518,-0.650452507463381
"233","tBodyAccJerkMag-energy()",-0.853954970622328,-0.850016394988553
"234","tBodyAccJerkMag-iqr()",-0.692212058160324,-0.702024850824225
"235","tBodyAccJerkMag-entropy()",-0.0304555375692908,-0.0741285250599823
"236","tBodyAccJerkMag-arCoeff()1",0.077203795951644,0.0793820318751616
"237","tBodyAccJerkMag-arCoeff()2",-0.0273130652871802,-0.0297272272277447
"238","tBodyAccJerkMag-arCoeff()3",-0.108210359581577,-0.0843429330119719
"239","tBodyAccJerkMag-arCoeff()4",-0.0224355584702673,-0.0493842646336723
"240","tBodyGyroMag-mean()",-0.611100970282806,-0.60290267419789
"241","tBodyGyroMag-std()",-0.679397473801914,-0.655773076645294
"242","tBodyGyroMag-mad()",-0.649077359729627,-0.62262389402683
"243","tBodyGyroMag-max()",-0.702665540709332,-0.692168801963305
"244","tBodyGyroMag-min()",-0.717621693959796,-0.734977935130426
"245","tBodyGyroMag-sma()",-0.611100970282806,-0.60290267419789
"246","tBodyGyroMag-energy()",-0.848147407425178,-0.829501367734372
"247","tBodyGyroMag-iqr()",-0.670823581940041,-0.646773129291145
"248","tBodyGyroMag-entropy()",0.298640993773992,0.210053015171874
"249","tBodyGyroMag-arCoeff()1",-0.010646507411735,-0.029993015947181
"250","tBodyGyroMag-arCoeff()2",-0.0757517519588018,-0.0666237353481209
"251","tBodyGyroMag-arCoeff()3",0.0978009938703766,0.111542631687126
"252","tBodyGyroMag-arCoeff()4",-0.0438170442856159,-0.0587107104269389
"253","tBodyGyroJerkMag-mean()",-0.766675145324058,-0.76031877071401
"254","tBodyGyroJerkMag-std()",-0.778438755546963,-0.777814563933515
"255","tBodyGyroJerkMag-mad()",-0.7939366749251,-0.792048719989282
"256","tBodyGyroJerkMag-max()",-0.78420330057434,-0.78479362175167
"257","tBodyGyroJerkMag-min()",-0.804298685806821,-0.802288026064078
"258","tBodyGyroJerkMag-sma()",-0.766675145324058,-0.76031877071401
"259","tBodyGyroJerkMag-energy()",-0.938612324265355,-0.929222450150177
"260","tBodyGyroJerkMag-iqr()",-0.809905414062301,-0.805181767439053
"261","tBodyGyroJerkMag-entropy()",0.181215539467625,0.110408124775235
"262","tBodyGyroJerkMag-arCoeff()1",0.303486969580268,0.279667555047275
"263","tBodyGyroJerkMag-arCoeff()2",-0.238337838346138,-0.222374950564907
"264","tBodyGyroJerkMag-arCoeff()3",-0.0796690569723614,-0.0485924566475785
"265","tBodyGyroJerkMag-arCoeff()4",-0.0822449328473295,-0.116488160421038
"266","fBodyAcc-mean()-X",-0.623187172025789,-0.622591094241971
"267","fBodyAcc-mean()-Y",-0.533704504523275,-0.539011987338569
"268","fBodyAcc-mean()-Z",-0.676499353482365,-0.660437498147756
"269","fBodyAcc-std()-X",-0.61122867301849,-0.600200679116289
"270","fBodyAcc-std()-Y",-0.527827739028785,-0.52865741726163
"271","fBodyAcc-std()-Z",-0.641101293844768,-0.608564634053334
"272","fBodyAcc-mad()-X",-0.59208296744269,-0.590246854116903
"273","fBodyAcc-mad()-Y",-0.520806631990852,-0.522760174896146
"274","fBodyAcc-mad()-Z",-0.646540156389881,-0.626637485322848
"275","fBodyAcc-max()-X",-0.662105438840044,-0.647310190153109
"276","fBodyAcc-max()-Y",-0.654547826811524,-0.659496697165567
"277","fBodyAcc-max()-Z",-0.661021564558907,-0.625516820476704
"278","fBodyAcc-min()-X",-0.86403516027209,-0.852769381076143
"279","fBodyAcc-min()-Y",-0.880575865301697,-0.880085151813044
"280","fBodyAcc-min()-Z",-0.916783250552087,-0.912571978978536
"281","fBodyAcc-sma()",-0.558166634600326,-0.554051694427828
"282","fBodyAcc-energy()-X",-0.839302790053614,-0.820571377016997
"283","fBodyAcc-energy()-Y",-0.754513648440109,-0.751648891409331
"284","fBodyAcc-energy()-Z",-0.863328071440414,-0.830449785583147
"285","fBodyAcc-iqr()-X",-0.644483411037978,-0.655809875103258
"286","fBodyAcc-iqr()-Y",-0.642010812489862,-0.653070787681248
"287","fBodyAcc-iqr()-Z",-0.746812923821004,-0.746749413620063
"288","fBodyAcc-entropy()-X",-0.174144171606203,-0.21076886123886
"289","fBodyAcc-entropy()-Y",-0.160413824276043,-0.193250828877081
"290","fBodyAcc-entropy()-Z",-0.190973507957956,-0.210407026549577
"291","fBodyAcc-maxInds-X",-0.744102804033254,-0.766286986594532
"292","fBodyAcc-maxInds-Y",-0.799796402362742,-0.796318461477149
"293","fBodyAcc-maxInds-Z",-0.842812768546997,-0.844260064448993
"294","fBodyAcc-meanFreq()-X",-0.206860429003072,-0.227324939594942
"295","fBodyAcc-meanFreq()-Y",0.0198886355899287,0.0136015851884109
"296","fBodyAcc-meanFreq()-Z",0.0522842375076961,0.0453159278599015
"297","fBodyAcc-skewness()-X",-0.154042287227129,-0.128562251310171
"298","fBodyAcc-kurtosis()-X",-0.483698886426576,-0.4575098284259
"299","fBodyAcc-skewness()-Y",-0.278562242543996,-0.263831379718594
"300","fBodyAcc-kurtosis()-Y",-0.592490072578466,-0.578113123717919
"301","fBodyAcc-skewness()-Z",-0.248416678679539,-0.238266667235641
"302","fBodyAcc-kurtosis()-Z",-0.485994005493553,-0.476952422472893
"303","fBodyAcc-bandsEnergy()-1,8",-0.837594759284561,-0.810196134825117
"304","fBodyAcc-bandsEnergy()-9,16",-0.885294596668137,-0.888399277324959
"305","fBodyAcc-bandsEnergy()-17,24",-0.857840886942097,-0.858442925116635
"306","fBodyAcc-bandsEnergy()-25,32",-0.888494623863794,-0.89634935952355
"307","fBodyAcc-bandsEnergy()-33,40",-0.918719730439769,-0.913479488470675
"308","fBodyAcc-bandsEnergy()-41,48",-0.918625217887004,-0.910480566656406
"309","fBodyAcc-bandsEnergy()-49,56",-0.950701063851714,-0.944164917284276
"310","fBodyAcc-bandsEnergy()-57,64",-0.962085428809874,-0.953284247399061
"311","fBodyAcc-bandsEnergy()-1,16",-0.836558647211401,-0.815596621818557
"312","fBodyAcc-bandsEnergy()-17,32",-0.844736894621038,-0.847598236474776
"313","fBodyAcc-bandsEnergy()-33,48",-0.918698758248727,-0.91236973724796
"314","fBodyAcc-bandsEnergy()-49,64",-0.95451682071191,-0.947221493176823
"315","fBodyAcc-bandsEnergy()-1,24",-0.838072917156261,-0.818643574436751
"316","fBodyAcc-bandsEnergy()-25,48",-0.881303935756362,-0.883866549730672
"317","fBodyAcc-bandsEnergy()-1,8",-0.788892327138582,-0.78731063072908
"318","fBodyAcc-bandsEnergy()-9,16",-0.852267639777401,-0.845404904283509
"319","fBodyAcc-bandsEnergy()-17,24",-0.857168055060061,-0.861540811746409
"320","fBodyAcc-bandsEnergy()-25,32",-0.893599139902681,-0.906424187261806
"321","fBodyAcc-bandsEnergy()-33,40",-0.897568318715982,-0.897288826662786
"322","fBodyAcc-bandsEnergy()-41,48",-0.885434266328164,-0.881610425521885
"323","fBodyAcc-bandsEnergy()-49,56",-0.904356407384459,-0.901713314433896
"324","fBodyAcc-bandsEnergy()-57,64",-0.950846322992195,-0.951709735325082
"325","fBodyAcc-bandsEnergy()-1,16",-0.762254315112691,-0.757511749815101
"326","fBodyAcc-bandsEnergy()-17,32",-0.83123530970906,-0.83916773233946
"327","fBodyAcc-bandsEnergy()-33,48",-0.88119917265641,-0.879527736129998
"328","fBodyAcc-bandsEnergy()-49,64",-0.920869627881693,-0.919620578644586
"329","fBodyAcc-bandsEnergy()-1,24",-0.75753634929358,-0.753973446456249
"330","fBodyAcc-bandsEnergy()-25,48",-0.884344837051272,-0.89331327016756
"331","fBodyAcc-bandsEnergy()-1,8",-0.88036066961773,-0.847963454861031
"332","fBodyAcc-bandsEnergy()-9,16",-0.909491499433661,-0.895342525298599
"333","fBodyAcc-bandsEnergy()-17,24",-0.935615069605361,-0.921881358629829
"334","fBodyAcc-bandsEnergy()-25,32",-0.967002075961995,-0.959846828680903
"335","fBodyAcc-bandsEnergy()-33,40",-0.969475514445199,-0.961595837599429
"336","fBodyAcc-bandsEnergy()-41,48",-0.947678639569053,-0.933663528908556
"337","fBodyAcc-bandsEnergy()-49,56",-0.948716484214455,-0.938798750591812
"338","fBodyAcc-bandsEnergy()-57,64",-0.962784628932813,-0.955891181340343
"339","fBodyAcc-bandsEnergy()-1,16",-0.875205423521547,-0.844744341631597
"340","fBodyAcc-bandsEnergy()-17,32",-0.947017695215473,-0.935666883927027
"341","fBodyAcc-bandsEnergy()-33,48",-0.961685253240584,-0.95165042812228
"342","fBodyAcc-bandsEnergy()-49,64",-0.952507297190363,-0.943411941210555
"343","fBodyAcc-bandsEnergy()-1,24",-0.866302885688157,-0.83407577414917
"344","fBodyAcc-bandsEnergy()-25,48",-0.965502424356973,-0.957525980267546
"345","fBodyAccJerk-mean()-X",-0.649556005805504,-0.659582568035456
"346","fBodyAccJerk-mean()-Y",-0.621672966990173,-0.631882611384336
"347","fBodyAccJerk-mean()-Z",-0.749835483941805,-0.741112099582274
"348","fBodyAccJerk-std()-X",-0.644162618997256,-0.659315818018017
"349","fBodyAccJerk-std()-Y",-0.606635188412494,-0.614491680586576
"350","fBodyAccJerk-std()-Z",-0.786357920719715,-0.778752052412014
"351","fBodyAccJerk-mad()-X",-0.582463517173669,-0.600012321986536
"352","fBodyAccJerk-mad()-Y",-0.615725652943119,-0.627346354577077
"353","fBodyAccJerk-mad()-Z",-0.769471505963013,-0.762489358831548
"354","fBodyAccJerk-max()-X",-0.703865130256552,-0.714713125500846
"355","fBodyAccJerk-max()-Y",-0.684590304907228,-0.681108395461848
"356","fBodyAccJerk-max()-Z",-0.808553424662029,-0.798195379859992
"357","fBodyAccJerk-min()-X",-0.884625463334951,-0.881959068405128
"358","fBodyAccJerk-min()-Y",-0.857145251919647,-0.861471772532681
"359","fBodyAccJerk-min()-Z",-0.888429636088565,-0.882842933632209
"360","fBodyAccJerk-sma()",-0.616890835818056,-0.621596637155943
"361","fBodyAccJerk-energy()-X",-0.849924335219885,-0.850246231113955
"362","fBodyAccJerk-energy()-Y",-0.825509311334011,-0.828071798668362
"363","fBodyAccJerk-energy()-Z",-0.93878267108585,-0.927513509952329
"364","fBodyAccJerk-iqr()-X",-0.626976337744666,-0.636984479575482
"365","fBodyAccJerk-iqr()-Y",-0.712759252545402,-0.722753295177476
"366","fBodyAccJerk-iqr()-Z",-0.776672433651815,-0.769419300677856
"367","fBodyAccJerk-entropy()-X",-0.237571372135392,-0.278704377677775
"368","fBodyAccJerk-entropy()-Y",-0.243826954159688,-0.274265034730987
"369","fBodyAccJerk-entropy()-Z",-0.352297581295368,-0.370683596523406
"370","fBodyAccJerk-maxInds-X",-0.393973532405836,-0.422105549510337
"371","fBodyAccJerk-maxInds-Y",-0.392073294876145,-0.398824809575626
"372","fBodyAccJerk-maxInds-Z",-0.309779436715304,-0.330457018498368
"373","fBodyAccJerk-meanFreq()-X",-0.0507372746449182,-0.0464913425460101
"374","fBodyAccJerk-meanFreq()-Y",-0.217797302990842,-0.211627431437427
"375","fBodyAccJerk-meanFreq()-Z",-0.126943307205531,-0.12257927038458
"376","fBodyAccJerk-skewness()-X",-0.301658817369807,-0.320991984636091
"377","fBodyAccJerk-kurtosis()-X",-0.707264741217611,-0.715568270143308
"378","fBodyAccJerk-skewness()-Y",-0.408865712231965,-0.396125452134312
"379","fBodyAccJerk-kurtosis()-Y",-0.831665982734968,-0.819665500800027
"380","fBodyAccJerk-skewness()-Z",-0.490373586263607,-0.486686845814472
"381","fBodyAccJerk-kurtosis()-Z",-0.82241716889508,-0.813261430377448
"382","fBodyAccJerk-bandsEnergy()-1,8",-0.881559916792229,-0.862270653612189
"383","fBodyAccJerk-bandsEnergy()-9,16",-0.87982565826264,-0.88933026715438
"384","fBodyAccJerk-bandsEnergy()-17,24",-0.871543808875229,-0.874504533423429
"385","fBodyAccJerk-bandsEnergy()-25,32",-0.88962825493529,-0.900673189088955
"386","fBodyAccJerk-bandsEnergy()-33,40",-0.923939972446556,-0.920915606075544
"387","fBodyAccJerk-bandsEnergy()-41,48",-0.907092590416356,-0.901332258990265
"388","fBodyAccJerk-bandsEnergy()-49,56",-0.947521860011198,-0.944110598167709
"389","fBodyAccJerk-bandsEnergy()-57,64",-0.985771389528334,-0.984058939463683
"390","fBodyAccJerk-bandsEnergy()-1,16",-0.870043581068884,-0.86751883441488
"391","fBodyAccJerk-bandsEnergy()-17,32",-0.849528729725959,-0.856735967198496
"392","fBodyAccJerk-bandsEnergy()-33,48",-0.910689172325823,-0.906287012907291
"393","fBodyAccJerk-bandsEnergy()-49,64",-0.94567992013132,-0.941996665244695
"394","fBodyAccJerk-bandsEnergy()-1,24",-0.846737362137903,-0.845860296442179
"395","fBodyAccJerk-bandsEnergy()-25,48",-0.858510069741262,-0.863705818697031
"396","fBodyAccJerk-bandsEnergy()-1,8",-0.826080169402749,-0.837982168727258
"397","fBodyAccJerk-bandsEnergy()-9,16",-0.873392491279519,-0.866905883662159
"398","fBodyAccJerk-bandsEnergy()-17,24",-0.831171130803427,-0.838555873723789
"399","fBodyAccJerk-bandsEnergy()-25,32",-0.900119237217509,-0.911386332705767
"400","fBodyAccJerk-bandsEnergy()-33,40",-0.916809510861893,-0.915458005689908
"401","fBodyAccJerk-bandsEnergy()-41,48",-0.88000804236454,-0.875856872217368
"402","fBodyAccJerk-bandsEnergy()-49,56",-0.926021507224975,-0.922185319440695
"403","fBodyAccJerk-bandsEnergy()-57,64",-0.972197255698541,-0.97096835880944
"404","fBodyAccJerk-bandsEnergy()-1,16",-0.844235138835991,-0.841155289231869
"405","fBodyAccJerk-bandsEnergy()-17,32",-0.829721605129359,-0.84042246058631
"406","fBodyAccJerk-bandsEnergy()-33,48",-0.881124367018799,-0.878252048641975
"407","fBodyAccJerk-bandsEnergy()-49,64",-0.931850597072277,-0.928343320261562
"408","fBodyAccJerk-bandsEnergy()-1,24",-0.812360751645708,-0.813372490491021
"409","fBodyAccJerk-bandsEnergy()-25,48",-0.891466721108585,-0.897427406495552
"410","fBodyAccJerk-bandsEnergy()-1,8",-0.910197213119783,-0.896836050577965
"411","fBodyAccJerk-bandsEnergy()-9,16",-0.906894655694605,-0.896265341196338
"412","fBodyAccJerk-bandsEnergy()-17,24",-0.939926368985409,-0.928005977992111
"413","fBodyAccJerk-bandsEnergy()-25,32",-0.968502675822871,-0.96132015842651
"414","fBodyAccJerk-bandsEnergy()-33,40",-0.972814576942653,-0.965172739936344
"415","fBodyAccJerk-bandsEnergy()-41,48",-0.951796450872073,-0.93861601326988
"416","fBodyAccJerk-bandsEnergy()-49,56",-0.940674719305056,-0.929004435791213
"417","fBodyAccJerk-bandsEnergy()-57,64",-0.976043250091619,-0.969494039704434
"418","fBodyAccJerk-bandsEnergy()-1,16",-0.8884818700302,-0.874642812580808
"419","fBodyAccJerk-bandsEnergy()-17,32",-0.953926976206312,-0.944322926998919
"420","fBodyAccJerk-bandsEnergy()-33,48",-0.964648347495758,-0.954820442219056
"421","fBodyAccJerk-bandsEnergy()-49,64",-0.9409650856264,-0.929141471212255
"422","fBodyAccJerk-bandsEnergy()-1,24",-0.909428490953851,-0.89512358172157
"423","fBodyAccJerk-bandsEnergy()-25,48",-0.967014110234136,-0.958792198249728
"424","fBodyGyro-mean()-X",-0.669777853306077,-0.67302284170778
"425","fBodyGyro-mean()-Y",-0.716917178919671,-0.701927400009353
"426","fBodyGyro-mean()-Z",-0.639881620987784,-0.645920841229206
"427","fBodyGyro-std()-X",-0.740113687051917,-0.737985987405513
"428","fBodyGyro-std()-Y",-0.694043633595317,-0.66628354335428
"429","fBodyGyro-std()-Z",-0.689345388559382,-0.690887610495729
"430","fBodyGyro-mad()-X",-0.689560798373834,-0.687313766746961
"431","fBodyGyro-mad()-Y",-0.725520107096471,-0.706783855758945
"432","fBodyGyro-mad()-Z",-0.638666179968748,-0.641824128655709
"433","fBodyGyro-max()-X",-0.737517653249891,-0.734627583182459
"434","fBodyGyro-max()-Y",-0.754003497826094,-0.725521764907501
"435","fBodyGyro-max()-Z",-0.762903667894333,-0.7647255621588
"436","fBodyGyro-min()-X",-0.93007188601493,-0.932140330984222
"437","fBodyGyro-min()-Y",-0.905949208226468,-0.898618441086181
"438","fBodyGyro-min()-Z",-0.911056746376994,-0.907826695580944
"439","fBodyGyro-sma()",-0.663304679498646,-0.659073646262179
"440","fBodyGyro-energy()-X",-0.919964574523244,-0.913635531216241
"441","fBodyGyro-energy()-Y",-0.903970668400848,-0.878004086165247
"442","fBodyGyro-energy()-Z",-0.873238149324907,-0.868188063117356
"443","fBodyGyro-iqr()-X",-0.7021781798868,-0.709390481835039
"444","fBodyGyro-iqr()-Y",-0.75858406857869,-0.751877166962054
"445","fBodyGyro-iqr()-Z",-0.690806455683339,-0.699287554177285
"446","fBodyGyro-entropy()-X",-0.0567973642086393,-0.107762237772299
"447","fBodyGyro-entropy()-Y",-0.0159421476992874,-0.0590810145759861
"448","fBodyGyro-entropy()-Z",-0.117138970450492,-0.161947647726558
"449","fBodyGyro-maxInds-X",-0.889650491317611,-0.874528472277476
"450","fBodyGyro-maxInds-Y",-0.776831550715304,-0.810900698165669
"451","fBodyGyro-maxInds-Z",-0.814375811692908,-0.805251209903292
"452","fBodyGyro-meanFreq()-X",-0.100620972093246,-0.101211749925555
"453","fBodyGyro-meanFreq()-Y",-0.167128338105348,-0.177143302343818
"454","fBodyGyro-meanFreq()-Z",-0.0587142680826159,-0.0484581720436038
"455","fBodyGyro-skewness()-X",-0.181890457929274,-0.174696061587333
"456","fBodyGyro-kurtosis()-X",-0.500622945634136,-0.491359252660956
"457","fBodyGyro-skewness()-Y",-0.192616802272453,-0.172800481987118
"458","fBodyGyro-kurtosis()-Y",-0.54513024189681,-0.528210509181975
"459","fBodyGyro-skewness()-Z",-0.205978175698229,-0.216722370402485
"460","fBodyGyro-kurtosis()-Z",-0.525757406902962,-0.536035320925377
"461","fBodyGyro-bandsEnergy()-1,8",-0.931408166155073,-0.928330398713126
"462","fBodyGyro-bandsEnergy()-9,16",-0.923109928568035,-0.901325154120637
"463","fBodyGyro-bandsEnergy()-17,24",-0.925786228332202,-0.917860023419342
"464","fBodyGyro-bandsEnergy()-25,32",-0.9574496126264,-0.959487083059032
"465","fBodyGyro-bandsEnergy()-33,40",-0.950028501127587,-0.949971010148939
"466","fBodyGyro-bandsEnergy()-41,48",-0.953550668169664,-0.951685767110582
"467","fBodyGyro-bandsEnergy()-49,56",-0.965329162195453,-0.963538995217764
"468","fBodyGyro-bandsEnergy()-57,64",-0.974826557869019,-0.975575701200422
"469","fBodyGyro-bandsEnergy()-1,16",-0.924205534634544,-0.918126105852734
"470","fBodyGyro-bandsEnergy()-17,32",-0.922947811653885,-0.917403799010745
"471","fBodyGyro-bandsEnergy()-33,48",-0.94643875589379,-0.945639503440492
"472","fBodyGyro-bandsEnergy()-49,64",-0.969531623203258,-0.968865061107454
"473","fBodyGyro-bandsEnergy()-1,24",-0.921454953210383,-0.915047155287962
"474","fBodyGyro-bandsEnergy()-25,48",-0.953807324008144,-0.955048177476741
"475","fBodyGyro-bandsEnergy()-1,8",-0.899826949548558,-0.86990226544728
"476","fBodyGyro-bandsEnergy()-9,16",-0.962506221271462,-0.955349406959032
"477","fBodyGyro-bandsEnergy()-17,24",-0.966931877251442,-0.956961653564853
"478","fBodyGyro-bandsEnergy()-25,32",-0.97144534062097,-0.965885477880849
"479","fBodyGyro-bandsEnergy()-33,40",-0.980264915890736,-0.976600839978237
"480","fBodyGyro-bandsEnergy()-41,48",-0.963427498659654,-0.955938916561874
"481","fBodyGyro-bandsEnergy()-49,56",-0.958554030273838,-0.949943089663969
"482","fBodyGyro-bandsEnergy()-57,64",-0.979297682391585,-0.974797406286344
"483","fBodyGyro-bandsEnergy()-1,16",-0.908166651804547,-0.883362852171178
"484","fBodyGyro-bandsEnergy()-17,32",-0.960419916484561,-0.949409078112187
"485","fBodyGyro-bandsEnergy()-33,48",-0.976605714485918,-0.972118744833787
"486","fBodyGyro-bandsEnergy()-49,64",-0.961902265838819,-0.953900680336167
"487","fBodyGyro-bandsEnergy()-1,24",-0.898852616311843,-0.871033642711643
"488","fBodyGyro-bandsEnergy()-25,48",-0.970849895279946,-0.965195364270539
"489","fBodyGyro-bandsEnergy()-1,8",-0.901745385971836,-0.898191148565329
"490","fBodyGyro-bandsEnergy()-9,16",-0.935098911901255,-0.931967377356243
"491","fBodyGyro-bandsEnergy()-17,24",-0.937320119788259,-0.929685276032603
"492","fBodyGyro-bandsEnergy()-25,32",-0.962032973983712,-0.966977871382617
"493","fBodyGyro-bandsEnergy()-33,40",-0.969823993932813,-0.97162501023395
"494","fBodyGyro-bandsEnergy()-41,48",-0.96010296097998,-0.960644255229448
"495","fBodyGyro-bandsEnergy()-49,56",-0.950686723530031,-0.951565941524714
"496","fBodyGyro-bandsEnergy()-57,64",-0.971069807789277,-0.968726310085283
"497","fBodyGyro-bandsEnergy()-1,16",-0.88478293373227,-0.880352470338776
"498","fBodyGyro-bandsEnergy()-17,32",-0.921853060386155,-0.916966259765963
"499","fBodyGyro-bandsEnergy()-33,48",-0.967102865670512,-0.968570666843036
"500","fBodyGyro-bandsEnergy()-49,64",-0.959548810870377,-0.959026900918213
"501","fBodyGyro-bandsEnergy()-1,24",-0.876904510869257,-0.87146900560053
"502","fBodyGyro-bandsEnergy()-25,48",-0.963607908978622,-0.967473949421926
"503","fBodyAccMag-mean()",-0.58703015721168,-0.58553481169299
"504","fBodyAccMag-std()",-0.667105016090295,-0.656495309836323
"505","fBodyAccMag-mad()",-0.60144497220587,-0.59398511951448
"506","fBodyAccMag-max()",-0.764741699836783,-0.753204278805992
"507","fBodyAccMag-min()",-0.889994936253207,-0.890825869998436
"508","fBodyAccMag-sma()",-0.58703015721168,-0.58553481169299
"509","fBodyAccMag-energy()",-0.832892272574598,-0.817448119853645
"510","fBodyAccMag-iqr()",-0.694749676532643,-0.694982538202349
"511","fBodyAccMag-entropy()",-0.170672161603529,-0.197926641299782
"512","fBodyAccMag-maxInds",-0.756128382694944,-0.751153802478781
"513","fBodyAccMag-meanFreq()",0.0862043752848643,0.0731367989710496
"514","fBodyAccMag-skewness()",-0.365332326382318,-0.347256941240983
"515","fBodyAccMag-kurtosis()",-0.6458275423283,-0.626638068926075
"516","fBodyBodyAccJerkMag-mean()",-0.612123540048571,-0.624263775268761
"517","fBodyBodyAccJerkMag-std()",-0.6229864655134,-0.646927350614211
"518","fBodyBodyAccJerkMag-mad()",-0.60317580952226,-0.618749609933591
"519","fBodyBodyAccJerkMag-max()",-0.661524048522531,-0.691182262778613
"520","fBodyBodyAccJerkMag-min()",-0.795903489942782,-0.806276589876741
"521","fBodyBodyAccJerkMag-sma()",-0.612123540048571,-0.624263775268761
"522","fBodyBodyAccJerkMag-energy()",-0.838024983101289,-0.842187588135201
"523","fBodyBodyAccJerkMag-iqr()",-0.671666339601663,-0.678618250574506
"524","fBodyBodyAccJerkMag-entropy()",-0.315549571587974,-0.347656584052984
"525","fBodyBodyAccJerkMag-maxInds",-0.877314027695623,-0.877994540660909
"526","fBodyBodyAccJerkMag-meanFreq()",0.160806762720802,0.178195402657311
"527","fBodyBodyAccJerkMag-skewness()",-0.262748982902584,-0.312967555667936
"528","fBodyBodyAccJerkMag-kurtosis()",-0.567276137246702,-0.615441188245549
"529","fBodyBodyGyroMag-mean()",-0.707892708360848,-0.693209575028455
"530","fBodyBodyGyroMag-std()",-0.717690363847981,-0.692875837299708
"531","fBodyBodyGyroMag-mad()",-0.696440919079739,-0.674829752148037
"532","fBodyBodyGyroMag-max()",-0.754526575595249,-0.72664546566023
"533","fBodyBodyGyroMag-min()",-0.897678376184594,-0.885102867737418
"534","fBodyBodyGyroMag-sma()",-0.707892708360848,-0.693209575028455
"535","fBodyBodyGyroMag-energy()",-0.898786550895826,-0.874292331094002
"536","fBodyBodyGyroMag-iqr()",-0.727936881638242,-0.719795300986022
"537","fBodyBodyGyroMag-entropy()",-0.0473410105371904,-0.0878781580865384
"538","fBodyBodyGyroMag-maxInds",-0.880904527243298,-0.889442259342492
"539","fBodyBodyGyroMag-meanFreq()",-0.0292083814447448,-0.0465161385833107
"540","fBodyBodyGyroMag-skewness()",-0.290799151568579,-0.253648615479548
"541","fBodyBodyGyroMag-kurtosis()",-0.601914311720231,-0.565425151851276
"542","fBodyBodyGyroJerkMag-mean()",-0.780744465254605,-0.779376076444767
"543","fBodyBodyGyroJerkMag-std()",-0.79168813867265,-0.792391460915905
"544","fBodyBodyGyroJerkMag-mad()",-0.774820040555721,-0.772835910246028
"545","fBodyBodyGyroJerkMag-max()",-0.806254445344181,-0.811409445698885
"546","fBodyBodyGyroJerkMag-min()",-0.869391424320665,-0.871926654973817
"547","fBodyBodyGyroJerkMag-sma()",-0.780744465254605,-0.779376076444767
"548","fBodyBodyGyroJerkMag-energy()",-0.943171812239566,-0.935784556864812
"549","fBodyBodyGyroJerkMag-iqr()",-0.775751880262406,-0.771497171073463
"550","fBodyBodyGyroJerkMag-entropy()",-0.248673296020333,-0.284626584197391
"551","fBodyBodyGyroJerkMag-maxInds",-0.902962925764167,-0.898859180006393
"552","fBodyBodyGyroJerkMag-meanFreq()",0.130236333853275,0.125293439532257
"553","fBodyBodyGyroJerkMag-skewness()",-0.277592771857576,-0.307009198933822
"554","fBodyBodyGyroJerkMag-kurtosis()",-0.598755521870387,-0.625293857062175
"555","angle(tBodyAccMean,gravity)",0.00526397595599559,0.00868366049349034
"556","angle(tBodyAccJerkMean),gravityMean)",0.00379931433568714,0.00218609660382481
"557","angle(tBodyGyroMean,gravityMean)",0.0400291928864381,0.0087258605074728
"558","angle(tBodyGyroJerkMean,gravityMean)",-0.0172975696006379,-0.00598094014244505
"559","angle(X,gravityMean)",-0.513922892256532,-0.489547201586915
"560","angle(Y,gravityMean)",0.074886005153943,0.0585930329553033
"561","angle(Z,gravityMean)",-0.0487199619615453,-0.0565147026615397
"562","Data.Type",1,2
